opened_targets,count,share
1,597008,0.7960106666666666
2,104047,0.13872933333333334
3,32124,0.042832
4,10976,0.014634666666666667
5,3817,0.005089333333333334
6,1382,0.0018426666666666667
7,423,0.000564
8,154,0.00020533333333333333
9,48,6.4e-05
10,17,2.2666666666666668e-05
11,4,5.333333333333334e-06
