k,silhouette_precomputed,largest_cluster_share,min_cluster_size,max_cluster_size
3,0.015579087719232873,0.9024390243902439,1,37
4,0.014809683641905255,0.8780487804878049,1,36
5,0.015017006169491103,0.8292682926829268,1,34
