feature,null_rate
num_feature_923,0.9999973333333333
num_feature_1792,0.9999946666666667
num_feature_1058,0.9999906666666667
num_feature_1832,0.9999906666666667
num_feature_1695,0.9999893333333333
num_feature_265,0.999988
num_feature_1922,0.9999826666666667
num_feature_1054,0.99998
num_feature_1277,0.9999706666666667
num_feature_1617,0.9999666666666667
